Workbook

Sheet Evaluation Data
A1: Employee Performance Evaluation - Data Sheet
A2: Blue cells = enter/edit scores (1-5 scale). Black cells = formulas (auto). Row 5 onward is sample data - replace with real employees.
A4: Emp ID | B4: Employee Name | C4: Department | D4: Job Responsibilities | E4: Skills | F4: Competencies | G4: Goals Achievement | H4: Overall Score | I4: Previous Score | J4: Change | K4: Rating | L4: Status | M4: Manager Comments | N4: Areas for Improvement
A5: E001 | B5: Aarav Sharma | C5: Sales | D5: 4.5 | E5: 4 | F5: 4.5 | G5: 5 | H5: =ROUND(AVERAGE(D5:G5),2) -> 4.5 | I5: 4.1 | J5: =H5-I5 -> 0.4 | K5: =IF(H5>=4.5,"Outstanding",IF(H5>=3.5,"Exceeds Expectations",IF(H5>=3,"Meets Expectations",IF(H5>=2,"Needs Improvement","Unsatisfactory")))) -> Outstanding | L5: =IF(H5<3,"Needs Support",IF(H5>=4,"Top Performer","On Track")) -> Top Performer | M5: Excellent closer | N5: Delegation
A6: E002 | B6: Priya Verma | C6: Marketing | D6: 4 | E6: 4.5 | F6: 4 | G6: 4 | H6: =ROUND(AVERAGE(D6:G6),2) -> 4.13 | I6: 3.9 | J6: =H6-I6 -> 0.23 | K6: =IF(H6>=4.5,"Outstanding",IF(H6>=3.5,"Exceeds Expectations",IF(H6>=3,"Meets Expectations",IF(H6>=2,"Needs Improvement","Unsatisfactory")))) -> Exceeds Expectations | L6: =IF(H6<3,"Needs Support",IF(H6>=4,"Top Performer","On Track")) -> Top Performer | M6: Creative, reliable | N6: Data analysis
A7: E003 | B7: Rohan Gupta | C7: IT | D7: 3.5 | E7: 4 | F7: 3.5 | G7: 3 | H7: =ROUND(AVERAGE(D7:G7),2) -> 3.5 | I7: 3.4 | J7: =H7-I7 -> 0.1 | K7: =IF(H7>=4.5,"Outstanding",IF(H7>=3.5,"Exceeds Expectations",IF(H7>=3,"Meets Expectations",IF(H7>=2,"Needs Improvement","Unsatisfactory")))) -> Exceeds Expectations | L7: =IF(H7<3,"Needs Support",IF(H7>=4,"Top Performer","On Track")) -> On Track | M7: Solid technical work | N7: Communication
A8: E004 | B8: Sneha Iyer | C8: HR | D8: 4.5 | E8: 4.5 | F8: 5 | G8: 4.5 | H8: =ROUND(AVERAGE(D8:G8),2) -> 4.63 | I8: 4.4 | J8: =H8-I8 -> 0.23 | K8: =IF(H8>=4.5,"Outstanding",IF(H8>=3.5,"Exceeds Expectations",IF(H8>=3,"Meets Expectations",IF(H8>=2,"Needs Improvement","Unsatisfactory")))) -> Outstanding | L8: =IF(H8<3,"Needs Support",IF(H8>=4,"Top Performer","On Track")) -> Top Performer | M8: Great team player | N8: Time management
A9: E005 | B9: Karan Mehta | C9: Finance | D9: 3 | E9: 3 | F9: 3.5 | G9: 2.5 | H9: =ROUND(AVERAGE(D9:G9),2) -> 3 | I9: 3.1 | J9: =H9-I9 -> -0.1 | K9: =IF(H9>=4.5,"Outstanding",IF(H9>=3.5,"Exceeds Expectations",IF(H9>=3,"Meets Expectations",IF(H9>=2,"Needs Improvement","Unsatisfactory")))) -> Meets Expectations | L9: =IF(H9<3,"Needs Support",IF(H9>=4,"Top Performer","On Track")) -> On Track | M9: Needs coaching | N9: Accuracy, deadlines
A10: E006 | B10: Neha Singh | C10: Sales | D10: 3.5 | E10: 3.5 | F10: 3 | G10: 3.5 | H10: =ROUND(AVERAGE(D10:G10),2) -> 3.38 | I10: 3.3 | J10: =H10-I10 -> 0.08 | K10: =IF(H10>=4.5,"Outstanding",IF(H10>=3.5,"Exceeds Expectations",IF(H10>=3,"Meets Expectations",IF(H10>=2,"Needs Improvement","Unsatisfactory")))) -> Meets Expectations | L10: =IF(H10<3,"Needs Support",IF(H10>=4,"Top Performer","On Track")) -> On Track | M10: Improving steadily | N10: Product knowledge
A11: E007 | B11: Vikram Rao | C11: IT | D11: 5 | E11: 4.5 | F11: 4.5 | G11: 4.5 | H11: =ROUND(AVERAGE(D11:G11),2) -> 4.63 | I11: 4.3 | J11: =H11-I11 -> 0.33 | K11: =IF(H11>=4.5,"Outstanding",IF(H11>=3.5,"Exceeds Expectations",IF(H11>=3,"Meets Expectations",IF(H11>=2,"Needs Improvement","Unsatisfactory")))) -> Outstanding | L11: =IF(H11<3,"Needs Support",IF(H11>=4,"Top Performer","On Track")) -> Top Performer | M11: Top performer | N11: Mentoring juniors
A12: E008 | B12: Anjali Das | C12: Marketing | D12: 2.5 | E12: 3 | F12: 2.5 | G12: 2 | H12: =ROUND(AVERAGE(D12:G12),2) -> 2.5 | I12: 2.8 | J12: =H12-I12 -> -0.3 | K12: =IF(H12>=4.5,"Outstanding",IF(H12>=3.5,"Exceeds Expectations",IF(H12>=3,"Meets Expectations",IF(H12>=2,"Needs Improvement","Unsatisfactory")))) -> Needs Improvement | L12: =IF(H12<3,"Needs Support",IF(H12>=4,"Top Performer","On Track")) -> Needs Support | M12: Below expectations | N12: Core skills training
A13: E009 | B13: Manish Jain | C13: Finance | D13: 4 | E13: 3.5 | F13: 4 | G13: 4 | H13: =ROUND(AVERAGE(D13:G13),2) -> 3.88 | I13: 3.7 | J13: =H13-I13 -> 0.18 | K13: =IF(H13>=4.5,"Outstanding",IF(H13>=3.5,"Exceeds Expectations",IF(H13>=3,"Meets Expectations",IF(H13>=2,"Needs Improvement","Unsatisfactory")))) -> Exceeds Expectations | L13: =IF(H13<3,"Needs Support",IF(H13>=4,"Top Performer","On Track")) -> On Track | M13: Consistent | N13: Leadership
A14: E010 | B14: Pooja Nair | C14: HR | D14: 3.5 | E14: 4 | F14: 3.5 | G14: 3.5 | H14: =ROUND(AVERAGE(D14:G14),2) -> 3.63 | I14: 3.6 | J14: =H14-I14 -> 0.03 | K14: =IF(H14>=4.5,"Outstanding",IF(H14>=3.5,"Exceeds Expectations",IF(H14>=3,"Meets Expectations",IF(H14>=2,"Needs Improvement","Unsatisfactory")))) -> Exceeds Expectations | L14: =IF(H14<3,"Needs Support",IF(H14>=4,"Top Performer","On Track")) -> On Track | M14: Good communicator | N14: Strategic thinking

Sheet Summary
A1: Performance Summary & Analysis
A3: Total employees evaluated | B3: =COUNTA('Evaluation Data'!$A$5:$A$14) -> 10
A4: Average overall score | B4: =AVERAGE('Evaluation Data'!$H$5:$H$14) -> 3.778
A5: Average previous score | B5: =AVERAGE('Evaluation Data'!$I$5:$I$14) -> 3.66
A6: Change vs previous | B6: =B4-B5 -> 0.118
A7: Highest score | B7: =MAX('Evaluation Data'!$H$5:$H$14) -> 4.63
A8: Lowest score | B8: =MIN('Evaluation Data'!$H$5:$H$14) -> 2.5
A9: Employees needing support | B9: =COUNTIF('Evaluation Data'!$L$5:$L$14,"Needs Support") -> 1
A10: Top performers (score >= 4) | B10: =COUNTIF('Evaluation Data'!$L$5:$L$14,"Top Performer") -> 4
A13: Top 3 Performers
A14: Rank | B14: Name | C14: Score
A15: 1 | B15: =INDEX('Evaluation Data'!$B$5:$B$14,MATCH(C15,'Evaluation Data'!$H$5:$H$14,0)) -> Sneha Iyer | C15: =LARGE('Evaluation Data'!$H$5:$H$14,A15) -> 4.63
A16: 2 | B16: =INDEX('Evaluation Data'!$B$5:$B$14,MATCH(C16,'Evaluation Data'!$H$5:$H$14,0)) -> Sneha Iyer | C16: =LARGE('Evaluation Data'!$H$5:$H$14,A16) -> 4.63
A17: 3 | B17: =INDEX('Evaluation Data'!$B$5:$B$14,MATCH(C17,'Evaluation Data'!$H$5:$H$14,0)) -> Aarav Sharma | C17: =LARGE('Evaluation Data'!$H$5:$H$14,A17) -> 4.5
A20: Department-wise Average
A21: Department | B21: Avg Score | C21: Headcount
A22: Sales | B22: =IFERROR(AVERAGEIF('Evaluation Data'!$C$5:$C$14,A22,'Evaluation Data'!$H$5:$H$14),0) -> 3.94 | C22: =COUNTIF('Evaluation Data'!$C$5:$C$14,A22) -> 2
A23: Marketing | B23: =IFERROR(AVERAGEIF('Evaluation Data'!$C$5:$C$14,A23,'Evaluation Data'!$H$5:$H$14),0) -> 3.315 | C23: =COUNTIF('Evaluation Data'!$C$5:$C$14,A23) -> 2
A24: IT | B24: =IFERROR(AVERAGEIF('Evaluation Data'!$C$5:$C$14,A24,'Evaluation Data'!$H$5:$H$14),0) -> 4.065 | C24: =COUNTIF('Evaluation Data'!$C$5:$C$14,A24) -> 2
A25: HR | B25: =IFERROR(AVERAGEIF('Evaluation Data'!$C$5:$C$14,A25,'Evaluation Data'!$H$5:$H$14),0) -> 4.13 | C25: =COUNTIF('Evaluation Data'!$C$5:$C$14,A25) -> 2
A26: Finance | B26: =IFERROR(AVERAGEIF('Evaluation Data'!$C$5:$C$14,A26,'Evaluation Data'!$H$5:$H$14),0) -> 3.44 | C26: =COUNTIF('Evaluation Data'!$C$5:$C$14,A26) -> 2
A29: Rating Distribution
A30: Rating | B30: Count
A31: Outstanding | B31: =COUNTIF('Evaluation Data'!$K$5:$K$14,A31) -> 3
A32: Exceeds Expectations | B32: =COUNTIF('Evaluation Data'!$K$5:$K$14,A32) -> 4
A33: Meets Expectations | B33: =COUNTIF('Evaluation Data'!$K$5:$K$14,A33) -> 2
A34: Needs Improvement | B34: =COUNTIF('Evaluation Data'!$K$5:$K$14,A34) -> 1
A35: Unsatisfactory | B35: =COUNTIF('Evaluation Data'!$K$5:$K$14,A35) -> 0

Sheet Rating Scale
A1: Rating Scale & SMART Goal Tracker
A3: Score Range | B3: Rating | C3: Meaning
A4: 4.5 - 5.0 | B4: Outstanding | C4: Consistently exceeds all goals
A5: 3.5 - 4.4 | B5: Exceeds Expectations | C5: Often exceeds goals
A6: 3.0 - 3.4 | B6: Meets Expectations | C6: Meets goals
A7: 2.0 - 2.9 | B7: Needs Improvement | C7: Partially meets goals
A8: Below 2.0 | B8: Unsatisfactory | C8: Does not meet goals
A11: SMART Goal Tracker (enter goals; progress is in blue)
A12: Employee | B12: Goal (Specific) | C12: Measure | D12: Target | E12: Actual | F12: Progress % | G12: Deadline | H12: Status
A13: Aarav Sharma | B13: Increase quarterly sales | C13: Revenue (Rs lakh) | D13: 50 | E13: 42 | F13: =IFERROR(E13/D13,0) -> 0.84 | G13: 31-Mar-2027 | H13: =IF(F13>=1,"Achieved",IF(F13>=0.6,"On Track","At Risk")) -> On Track
A14: Priya Verma | B14: Launch 4 campaigns | C14: Campaigns | D14: 4 | E14: 3 | F14: =IFERROR(E14/D14,0) -> 0.75 | G14: 30-Jun-2027 | H14: =IF(F14>=1,"Achieved",IF(F14>=0.6,"On Track","At Risk")) -> On Track
A15: Rohan Gupta | B15: Resolve tickets | C15: Tickets | D15: 200 | E15: 120 | F15: =IFERROR(E15/D15,0) -> 0.6 | G15: 31-Mar-2027 | H15: =IF(F15>=1,"Achieved",IF(F15>=0.6,"On Track","At Risk")) -> On Track
